<?xml version="1.0" encoding="UTF-8"?>
<?xml-stylesheet type="text/xsl" href="prgs.xsl"?>
<Objects>
   <Charset>UTF-8</Charset>
   <Path>file:///C:/Program Files (x86)/GeneXus/GeneXus16Trial/</Path>
   <Object>
      <ObjCls>0</ObjCls>
      <ObjName>Modulos</ObjName>
      <ObjDesc>Modulos</ObjDesc>
      <ObjLink>modulos.aspx</ObjLink>
   </Object>
   <Object>
      <ObjCls>0</ObjCls>
      <ObjName>Proyecto</ObjName>
      <ObjDesc>Proyecto</ObjDesc>
      <ObjLink>proyecto.aspx</ObjLink>
   </Object>
   <Object>
      <ObjCls>13</ObjCls>
      <ObjName>Wlogin</ObjName>
      <ObjDesc>Wlogin</ObjDesc>
      <ObjLink>wlogin.aspx</ObjLink>
   </Object>
   <Object>
      <ObjCls>13</ObjCls>
      <ObjName>Home</ObjName>
      <ObjDesc>Home</ObjDesc>
      <ObjLink>home.aspx</ObjLink>
   </Object>
   <Object>
      <ObjCls>13</ObjCls>
      <ObjName>WWAdmin</ObjName>
      <ObjDesc>WWAdmin</ObjDesc>
      <ObjLink>wwadmin.aspx</ObjLink>
   </Object>
   <Object>
      <ObjCls>13</ObjCls>
      <ObjName>WWUsuario</ObjName>
      <ObjDesc>Usuarios</ObjDesc>
      <ObjLink>wwusuario.aspx</ObjLink>
   </Object>
   <Object>
      <ObjCls>13</ObjCls>
      <ObjName>WWRoles</ObjName>
      <ObjDesc>Roles</ObjDesc>
      <ObjLink>wwroles.aspx</ObjLink>
   </Object>
</Objects>
