<?xml-stylesheet type='text/xsl' href='prgs.xsl'?><Objects>
  <Charset>UTF-8</Charset>
  <Path>file:///C:/Program Files (x86)/GeneXus/GeneXus16Trial/</Path>
  <Object>
    <ObjCls>0</ObjCls>
    <ObjName>GestionProyect</ObjName>
    <ObjDesc>Gestion Proyect</ObjDesc>
    <ObjLink>gestionproyect.aspx</ObjLink>
  </Object>
  <Object>
    <ObjCls>0</ObjCls>
    <ObjName>Modulos</ObjName>
    <ObjDesc>Modulos</ObjDesc>
    <ObjLink>modulos.aspx</ObjLink>
  </Object>
  <Object>
    <ObjCls>0</ObjCls>
    <ObjName>Tarea</ObjName>
    <ObjDesc>Tarea</ObjDesc>
    <ObjLink>tarea.aspx</ObjLink>
  </Object>
  <Object>
    <ObjCls>0</ObjCls>
    <ObjName>EstadoProyecto</ObjName>
    <ObjDesc>Estado Proyecto</ObjDesc>
    <ObjLink>estadoproyecto.aspx</ObjLink>
  </Object>
  <Object>
    <ObjCls>13</ObjCls>
    <ObjName>Home</ObjName>
    <ObjDesc>Home</ObjDesc>
    <ObjLink>home.aspx</ObjLink>
  </Object>
  <Object>
    <ObjCls>13</ObjCls>
    <ObjName>WWUsuario</ObjName>
    <ObjDesc>Work With Usuario</ObjDesc>
    <ObjLink>wwusuario.aspx</ObjLink>
  </Object>
  <Object>
    <ObjCls>13</ObjCls>
    <ObjName>WWRoles</ObjName>
    <ObjDesc>Work With Roles</ObjDesc>
    <ObjLink>wwroles.aspx</ObjLink>
  </Object>
  <Object>
    <ObjCls>13</ObjCls>
    <ObjName>WWProyecto</ObjName>
    <ObjDesc>Work With Proyecto</ObjDesc>
    <ObjLink>wwproyecto.aspx</ObjLink>
  </Object>
  <Object>
    <ObjCls>13</ObjCls>
    <ObjName>WWProyect</ObjName>
    <ObjDesc>WWProyect</ObjDesc>
    <ObjLink>wwproyect.aspx</ObjLink>
  </Object>
  <Object>
    <ObjCls>13</ObjCls>
    <ObjName>Wlogin</ObjName>
    <ObjDesc>Wlogin</ObjDesc>
    <ObjLink>wlogin.aspx</ObjLink>
  </Object>
  <Object>
    <ObjCls>13</ObjCls>
    <ObjName>WWAdmin</ObjName>
    <ObjDesc>WWAdmin</ObjDesc>
    <ObjLink>wwadmin.aspx</ObjLink>
  </Object>
  <Object>
    <ObjCls>13</ObjCls>
    <ObjName>WConfig</ObjName>
    <ObjDesc>WConfig</ObjDesc>
    <ObjLink>wconfig.aspx</ObjLink>
  </Object>
  <Object>
    <ObjCls>13</ObjCls>
    <ObjName>WWTarea</ObjName>
    <ObjDesc>Work With Tarea</ObjDesc>
    <ObjLink>wwtarea.aspx</ObjLink>
  </Object>
  <Object>
    <ObjCls>13</ObjCls>
    <ObjName>WLineaBase</ObjName>
    <ObjDesc>WLinea Base</ObjDesc>
    <ObjLink>wlineabase.aspx</ObjLink>
  </Object>
</Objects>